ModelNumber;Mass;Height;AnkleHeightCoeff;KneeHeightCoeff;PelvisHeightCoeff;ShoulderHeightCoeff;ShoulderWidthCoeff;ElbowSpanCoeff;WristSpanCoeff;FingerSpanCoeff;FootLengthCoeff;HipWidthCoeff;UmbilicusHeightCoeff;NippleHeightCoeff
1;46.7;1.53;0.03;0.255;0.495;0.792;0.201;0.494;0.804;1.004;0.106;0.191;0.596;0.739
2;46.7;1.53;0.03;0.255;0.495;0.792;0.201;0.494;0.835;1.004;0.106;0.191;0.596;0.739
3;46.7;1.53;0.03;0.255;0.495;0.792;0.201;0.539;0.804;1.004;0.106;0.191;0.596;0.739
4;46.7;1.53;0.03;0.255;0.495;0.792;0.201;0.539;0.835;1.004;0.106;0.191;0.596;0.739
5;46.7;1.53;0.03;0.255;0.495;0.817;0.201;0.494;0.804;1.004;0.106;0.191;0.596;0.739
6;46.7;1.53;0.03;0.255;0.495;0.817;0.201;0.494;0.835;1.004;0.106;0.191;0.596;0.739
7;46.7;1.53;0.03;0.255;0.495;0.817;0.201;0.539;0.804;1.004;0.106;0.191;0.596;0.739
8;46.7;1.53;0.03;0.255;0.495;0.817;0.201;0.539;0.835;1.004;0.106;0.191;0.596;0.739
9;46.7;1.53;0.03;0.255;0.495;0.831;0.201;0.494;0.804;1.004;0.106;0.191;0.596;0.739
10;46.7;1.53;0.03;0.255;0.495;0.831;0.201;0.494;0.835;1.004;0.106;0.191;0.596;0.739
11;46.7;1.53;0.03;0.255;0.495;0.831;0.201;0.539;0.804;1.004;0.106;0.191;0.596;0.739
12;46.7;1.53;0.03;0.255;0.495;0.831;0.201;0.539;0.835;1.004;0.106;0.191;0.596;0.739
13;46.7;1.53;0.03;0.255;0.513;0.792;0.201;0.494;0.804;1.004;0.106;0.191;0.596;0.739
14;46.7;1.53;0.03;0.255;0.513;0.792;0.201;0.494;0.835;1.004;0.106;0.191;0.596;0.739
15;46.7;1.53;0.03;0.255;0.513;0.792;0.201;0.539;0.804;1.004;0.106;0.191;0.596;0.739
16;46.7;1.53;0.03;0.255;0.513;0.792;0.201;0.539;0.835;1.004;0.106;0.191;0.596;0.739
17;46.7;1.53;0.03;0.255;0.513;0.817;0.201;0.494;0.804;1.004;0.106;0.191;0.596;0.739
18;46.7;1.53;0.03;0.255;0.513;0.817;0.201;0.494;0.835;1.004;0.106;0.191;0.596;0.739
19;46.7;1.53;0.03;0.255;0.513;0.817;0.201;0.539;0.804;1.004;0.106;0.191;0.596;0.739
20;46.7;1.53;0.03;0.255;0.513;0.817;0.201;0.539;0.835;1.004;0.106;0.191;0.596;0.739
21;46.7;1.53;0.03;0.255;0.513;0.831;0.201;0.494;0.804;1.004;0.106;0.191;0.596;0.739
22;46.7;1.53;0.03;0.255;0.513;0.831;0.201;0.494;0.835;1.004;0.106;0.191;0.596;0.739
23;46.7;1.53;0.03;0.255;0.513;0.831;0.201;0.539;0.804;1.004;0.106;0.191;0.596;0.739
24;46.7;1.53;0.03;0.255;0.513;0.831;0.201;0.539;0.835;1.004;0.106;0.191;0.596;0.739
25;46.7;1.53;0.03;0.279;0.495;0.792;0.201;0.494;0.804;1.004;0.106;0.191;0.596;0.739
26;46.7;1.53;0.03;0.279;0.495;0.792;0.201;0.494;0.835;1.004;0.106;0.191;0.596;0.739
27;46.7;1.53;0.03;0.279;0.495;0.792;0.201;0.539;0.804;1.004;0.106;0.191;0.596;0.739
28;46.7;1.53;0.03;0.279;0.495;0.792;0.201;0.539;0.835;1.004;0.106;0.191;0.596;0.739
29;46.7;1.53;0.03;0.279;0.495;0.817;0.201;0.494;0.804;1.004;0.106;0.191;0.596;0.739
30;46.7;1.53;0.03;0.279;0.495;0.817;0.201;0.494;0.835;1.004;0.106;0.191;0.596;0.739
31;46.7;1.53;0.03;0.279;0.495;0.817;0.201;0.539;0.804;1.004;0.106;0.191;0.596;0.739
32;46.7;1.53;0.03;0.279;0.495;0.817;0.201;0.539;0.835;1.004;0.106;0.191;0.596;0.739
33;46.7;1.53;0.03;0.279;0.495;0.831;0.201;0.494;0.804;1.004;0.106;0.191;0.596;0.739
34;46.7;1.53;0.03;0.279;0.495;0.831;0.201;0.494;0.835;1.004;0.106;0.191;0.596;0.739
35;46.7;1.53;0.03;0.279;0.495;0.831;0.201;0.539;0.804;1.004;0.106;0.191;0.596;0.739
36;46.7;1.53;0.03;0.279;0.495;0.831;0.201;0.539;0.835;1.004;0.106;0.191;0.596;0.739
37;46.7;1.53;0.03;0.279;0.513;0.792;0.201;0.494;0.804;1.004;0.106;0.191;0.596;0.739
38;46.7;1.53;0.03;0.279;0.513;0.792;0.201;0.494;0.835;1.004;0.106;0.191;0.596;0.739
39;46.7;1.53;0.03;0.279;0.513;0.792;0.201;0.539;0.804;1.004;0.106;0.191;0.596;0.739
40;46.7;1.53;0.03;0.279;0.513;0.792;0.201;0.539;0.835;1.004;0.106;0.191;0.596;0.739
41;46.7;1.53;0.03;0.279;0.513;0.817;0.201;0.494;0.804;1.004;0.106;0.191;0.596;0.739
42;46.7;1.53;0.03;0.279;0.513;0.817;0.201;0.494;0.835;1.004;0.106;0.191;0.596;0.739
43;46.7;1.53;0.03;0.279;0.513;0.817;0.201;0.539;0.804;1.004;0.106;0.191;0.596;0.739
44;46.7;1.53;0.03;0.279;0.513;0.817;0.201;0.539;0.835;1.004;0.106;0.191;0.596;0.739
45;46.7;1.53;0.03;0.279;0.513;0.831;0.201;0.494;0.804;1.004;0.106;0.191;0.596;0.739
46;46.7;1.53;0.03;0.279;0.513;0.831;0.201;0.494;0.835;1.004;0.106;0.191;0.596;0.739
47;46.7;1.53;0.03;0.279;0.513;0.831;0.201;0.539;0.804;1.004;0.106;0.191;0.596;0.739
48;46.7;1.53;0.03;0.279;0.513;0.831;0.201;0.539;0.835;1.004;0.106;0.191;0.596;0.739
49;46.7;1.64;0.03;0.255;0.495;0.792;0.201;0.494;0.804;1.004;0.106;0.191;0.596;0.739
50;46.7;1.64;0.03;0.255;0.495;0.792;0.201;0.494;0.835;1.004;0.106;0.191;0.596;0.739
51;46.7;1.64;0.03;0.255;0.495;0.792;0.201;0.539;0.804;1.004;0.106;0.191;0.596;0.739
52;46.7;1.64;0.03;0.255;0.495;0.792;0.201;0.539;0.835;1.004;0.106;0.191;0.596;0.739
53;46.7;1.64;0.03;0.255;0.495;0.817;0.201;0.494;0.804;1.004;0.106;0.191;0.596;0.739
54;46.7;1.64;0.03;0.255;0.495;0.817;0.201;0.494;0.835;1.004;0.106;0.191;0.596;0.739
55;46.7;1.64;0.03;0.255;0.495;0.817;0.201;0.539;0.804;1.004;0.106;0.191;0.596;0.739
56;46.7;1.64;0.03;0.255;0.495;0.817;0.201;0.539;0.835;1.004;0.106;0.191;0.596;0.739
57;46.7;1.64;0.03;0.255;0.495;0.831;0.201;0.494;0.804;1.004;0.106;0.191;0.596;0.739
58;46.7;1.64;0.03;0.255;0.495;0.831;0.201;0.494;0.835;1.004;0.106;0.191;0.596;0.739
59;46.7;1.64;0.03;0.255;0.495;0.831;0.201;0.539;0.804;1.004;0.106;0.191;0.596;0.739
60;46.7;1.64;0.03;0.255;0.495;0.831;0.201;0.539;0.835;1.004;0.106;0.191;0.596;0.739
61;46.7;1.64;0.03;0.255;0.513;0.792;0.201;0.494;0.804;1.004;0.106;0.191;0.596;0.739
62;46.7;1.64;0.03;0.255;0.513;0.792;0.201;0.494;0.835;1.004;0.106;0.191;0.596;0.739
63;46.7;1.64;0.03;0.255;0.513;0.792;0.201;0.539;0.804;1.004;0.106;0.191;0.596;0.739
64;46.7;1.64;0.03;0.255;0.513;0.792;0.201;0.539;0.835;1.004;0.106;0.191;0.596;0.739
65;46.7;1.64;0.03;0.255;0.513;0.817;0.201;0.494;0.804;1.004;0.106;0.191;0.596;0.739
66;46.7;1.64;0.03;0.255;0.513;0.817;0.201;0.494;0.835;1.004;0.106;0.191;0.596;0.739
67;46.7;1.64;0.03;0.255;0.513;0.817;0.201;0.539;0.804;1.004;0.106;0.191;0.596;0.739
68;46.7;1.64;0.03;0.255;0.513;0.817;0.201;0.539;0.835;1.004;0.106;0.191;0.596;0.739
69;46.7;1.64;0.03;0.255;0.513;0.831;0.201;0.494;0.804;1.004;0.106;0.191;0.596;0.739
70;46.7;1.64;0.03;0.255;0.513;0.831;0.201;0.494;0.835;1.004;0.106;0.191;0.596;0.739
71;46.7;1.64;0.03;0.255;0.513;0.831;0.201;0.539;0.804;1.004;0.106;0.191;0.596;0.739
72;46.7;1.64;0.03;0.255;0.513;0.831;0.201;0.539;0.835;1.004;0.106;0.191;0.596;0.739
73;46.7;1.64;0.03;0.279;0.495;0.792;0.201;0.494;0.804;1.004;0.106;0.191;0.596;0.739
74;46.7;1.64;0.03;0.279;0.495;0.792;0.201;0.494;0.835;1.004;0.106;0.191;0.596;0.739
75;46.7;1.64;0.03;0.279;0.495;0.792;0.201;0.539;0.804;1.004;0.106;0.191;0.596;0.739
76;46.7;1.64;0.03;0.279;0.495;0.792;0.201;0.539;0.835;1.004;0.106;0.191;0.596;0.739
77;46.7;1.64;0.03;0.279;0.495;0.817;0.201;0.494;0.804;1.004;0.106;0.191;0.596;0.739
78;46.7;1.64;0.03;0.279;0.495;0.817;0.201;0.494;0.835;1.004;0.106;0.191;0.596;0.739
79;46.7;1.64;0.03;0.279;0.495;0.817;0.201;0.539;0.804;1.004;0.106;0.191;0.596;0.739
80;46.7;1.64;0.03;0.279;0.495;0.817;0.201;0.539;0.835;1.004;0.106;0.191;0.596;0.739
81;46.7;1.64;0.03;0.279;0.495;0.831;0.201;0.494;0.804;1.004;0.106;0.191;0.596;0.739
82;46.7;1.64;0.03;0.279;0.495;0.831;0.201;0.494;0.835;1.004;0.106;0.191;0.596;0.739
83;46.7;1.64;0.03;0.279;0.495;0.831;0.201;0.539;0.804;1.004;0.106;0.191;0.596;0.739
84;46.7;1.64;0.03;0.279;0.495;0.831;0.201;0.539;0.835;1.004;0.106;0.191;0.596;0.739
85;46.7;1.64;0.03;0.279;0.513;0.792;0.201;0.494;0.804;1.004;0.106;0.191;0.596;0.739
86;46.7;1.64;0.03;0.279;0.513;0.792;0.201;0.494;0.835;1.004;0.106;0.191;0.596;0.739
87;46.7;1.64;0.03;0.279;0.513;0.792;0.201;0.539;0.804;1.004;0.106;0.191;0.596;0.739
88;46.7;1.64;0.03;0.279;0.513;0.792;0.201;0.539;0.835;1.004;0.106;0.191;0.596;0.739
89;46.7;1.64;0.03;0.279;0.513;0.817;0.201;0.494;0.804;1.004;0.106;0.191;0.596;0.739
90;46.7;1.64;0.03;0.279;0.513;0.817;0.201;0.494;0.835;1.004;0.106;0.191;0.596;0.739
91;46.7;1.64;0.03;0.279;0.513;0.817;0.201;0.539;0.804;1.004;0.106;0.191;0.596;0.739
92;46.7;1.64;0.03;0.279;0.513;0.817;0.201;0.539;0.835;1.004;0.106;0.191;0.596;0.739
93;46.7;1.64;0.03;0.279;0.513;0.831;0.201;0.494;0.804;1.004;0.106;0.191;0.596;0.739
94;46.7;1.64;0.03;0.279;0.513;0.831;0.201;0.494;0.835;1.004;0.106;0.191;0.596;0.739
95;46.7;1.64;0.03;0.279;0.513;0.831;0.201;0.539;0.804;1.004;0.106;0.191;0.596;0.739
96;46.7;1.64;0.03;0.279;0.513;0.831;0.201;0.539;0.835;1.004;0.106;0.191;0.596;0.739
97;46.7;1.75;0.03;0.255;0.495;0.792;0.201;0.494;0.804;1.004;0.106;0.191;0.596;0.739
98;46.7;1.75;0.03;0.255;0.495;0.792;0.201;0.494;0.835;1.004;0.106;0.191;0.596;0.739
99;46.7;1.75;0.03;0.255;0.495;0.792;0.201;0.539;0.804;1.004;0.106;0.191;0.596;0.739
100;46.7;1.75;0.03;0.255;0.495;0.792;0.201;0.539;0.835;1.004;0.106;0.191;0.596;0.739
101;46.7;1.75;0.03;0.255;0.495;0.817;0.201;0.494;0.804;1.004;0.106;0.191;0.596;0.739
102;46.7;1.75;0.03;0.255;0.495;0.817;0.201;0.494;0.835;1.004;0.106;0.191;0.596;0.739
103;46.7;1.75;0.03;0.255;0.495;0.817;0.201;0.539;0.804;1.004;0.106;0.191;0.596;0.739
104;46.7;1.75;0.03;0.255;0.495;0.817;0.201;0.539;0.835;1.004;0.106;0.191;0.596;0.739
105;46.7;1.75;0.03;0.255;0.495;0.831;0.201;0.494;0.804;1.004;0.106;0.191;0.596;0.739
106;46.7;1.75;0.03;0.255;0.495;0.831;0.201;0.494;0.835;1.004;0.106;0.191;0.596;0.739
107;46.7;1.75;0.03;0.255;0.495;0.831;0.201;0.539;0.804;1.004;0.106;0.191;0.596;0.739
108;46.7;1.75;0.03;0.255;0.495;0.831;0.201;0.539;0.835;1.004;0.106;0.191;0.596;0.739
109;46.7;1.75;0.03;0.255;0.513;0.792;0.201;0.494;0.804;1.004;0.106;0.191;0.596;0.739
110;46.7;1.75;0.03;0.255;0.513;0.792;0.201;0.494;0.835;1.004;0.106;0.191;0.596;0.739
111;46.7;1.75;0.03;0.255;0.513;0.792;0.201;0.539;0.804;1.004;0.106;0.191;0.596;0.739
112;46.7;1.75;0.03;0.255;0.513;0.792;0.201;0.539;0.835;1.004;0.106;0.191;0.596;0.739
113;46.7;1.75;0.03;0.255;0.513;0.817;0.201;0.494;0.804;1.004;0.106;0.191;0.596;0.739
114;46.7;1.75;0.03;0.255;0.513;0.817;0.201;0.494;0.835;1.004;0.106;0.191;0.596;0.739
115;46.7;1.75;0.03;0.255;0.513;0.817;0.201;0.539;0.804;1.004;0.106;0.191;0.596;0.739
116;46.7;1.75;0.03;0.255;0.513;0.817;0.201;0.539;0.835;1.004;0.106;0.191;0.596;0.739
117;46.7;1.75;0.03;0.255;0.513;0.831;0.201;0.494;0.804;1.004;0.106;0.191;0.596;0.739
118;46.7;1.75;0.03;0.255;0.513;0.831;0.201;0.494;0.835;1.004;0.106;0.191;0.596;0.739
119;46.7;1.75;0.03;0.255;0.513;0.831;0.201;0.539;0.804;1.004;0.106;0.191;0.596;0.739
120;46.7;1.75;0.03;0.255;0.513;0.831;0.201;0.539;0.835;1.004;0.106;0.191;0.596;0.739
121;46.7;1.75;0.03;0.279;0.495;0.792;0.201;0.494;0.804;1.004;0.106;0.191;0.596;0.739
122;46.7;1.75;0.03;0.279;0.495;0.792;0.201;0.494;0.835;1.004;0.106;0.191;0.596;0.739
123;46.7;1.75;0.03;0.279;0.495;0.792;0.201;0.539;0.804;1.004;0.106;0.191;0.596;0.739
124;46.7;1.75;0.03;0.279;0.495;0.792;0.201;0.539;0.835;1.004;0.106;0.191;0.596;0.739
125;46.7;1.75;0.03;0.279;0.495;0.817;0.201;0.494;0.804;1.004;0.106;0.191;0.596;0.739
126;46.7;1.75;0.03;0.279;0.495;0.817;0.201;0.494;0.835;1.004;0.106;0.191;0.596;0.739
127;46.7;1.75;0.03;0.279;0.495;0.817;0.201;0.539;0.804;1.004;0.106;0.191;0.596;0.739
128;46.7;1.75;0.03;0.279;0.495;0.817;0.201;0.539;0.835;1.004;0.106;0.191;0.596;0.739
129;46.7;1.75;0.03;0.279;0.495;0.831;0.201;0.494;0.804;1.004;0.106;0.191;0.596;0.739
130;46.7;1.75;0.03;0.279;0.495;0.831;0.201;0.494;0.835;1.004;0.106;0.191;0.596;0.739
131;46.7;1.75;0.03;0.279;0.495;0.831;0.201;0.539;0.804;1.004;0.106;0.191;0.596;0.739
132;46.7;1.75;0.03;0.279;0.495;0.831;0.201;0.539;0.835;1.004;0.106;0.191;0.596;0.739
133;46.7;1.75;0.03;0.279;0.513;0.792;0.201;0.494;0.804;1.004;0.106;0.191;0.596;0.739
134;46.7;1.75;0.03;0.279;0.513;0.792;0.201;0.494;0.835;1.004;0.106;0.191;0.596;0.739
135;46.7;1.75;0.03;0.279;0.513;0.792;0.201;0.539;0.804;1.004;0.106;0.191;0.596;0.739
136;46.7;1.75;0.03;0.279;0.513;0.792;0.201;0.539;0.835;1.004;0.106;0.191;0.596;0.739
137;46.7;1.75;0.03;0.279;0.513;0.817;0.201;0.494;0.804;1.004;0.106;0.191;0.596;0.739
138;46.7;1.75;0.03;0.279;0.513;0.817;0.201;0.494;0.835;1.004;0.106;0.191;0.596;0.739
139;46.7;1.75;0.03;0.279;0.513;0.817;0.201;0.539;0.804;1.004;0.106;0.191;0.596;0.739
140;46.7;1.75;0.03;0.279;0.513;0.817;0.201;0.539;0.835;1.004;0.106;0.191;0.596;0.739
141;46.7;1.75;0.03;0.279;0.513;0.831;0.201;0.494;0.804;1.004;0.106;0.191;0.596;0.739
142;46.7;1.75;0.03;0.279;0.513;0.831;0.201;0.494;0.835;1.004;0.106;0.191;0.596;0.739
143;46.7;1.75;0.03;0.279;0.513;0.831;0.201;0.539;0.804;1.004;0.106;0.191;0.596;0.739
144;46.7;1.75;0.03;0.279;0.513;0.831;0.201;0.539;0.835;1.004;0.106;0.191;0.596;0.739
145;52.8;1.53;0.03;0.255;0.495;0.792;0.201;0.494;0.804;1.004;0.106;0.191;0.596;0.739
146;52.8;1.53;0.03;0.255;0.495;0.792;0.201;0.494;0.835;1.004;0.106;0.191;0.596;0.739
147;52.8;1.53;0.03;0.255;0.495;0.792;0.201;0.539;0.804;1.004;0.106;0.191;0.596;0.739
148;52.8;1.53;0.03;0.255;0.495;0.792;0.201;0.539;0.835;1.004;0.106;0.191;0.596;0.739
149;52.8;1.53;0.03;0.255;0.495;0.817;0.201;0.494;0.804;1.004;0.106;0.191;0.596;0.739
150;52.8;1.53;0.03;0.255;0.495;0.817;0.201;0.494;0.835;1.004;0.106;0.191;0.596;0.739
151;52.8;1.53;0.03;0.255;0.495;0.817;0.201;0.539;0.804;1.004;0.106;0.191;0.596;0.739
152;52.8;1.53;0.03;0.255;0.495;0.817;0.201;0.539;0.835;1.004;0.106;0.191;0.596;0.739
153;52.8;1.53;0.03;0.255;0.495;0.831;0.201;0.494;0.804;1.004;0.106;0.191;0.596;0.739
154;52.8;1.53;0.03;0.255;0.495;0.831;0.201;0.494;0.835;1.004;0.106;0.191;0.596;0.739
155;52.8;1.53;0.03;0.255;0.495;0.831;0.201;0.539;0.804;1.004;0.106;0.191;0.596;0.739
156;52.8;1.53;0.03;0.255;0.495;0.831;0.201;0.539;0.835;1.004;0.106;0.191;0.596;0.739
157;52.8;1.53;0.03;0.255;0.513;0.792;0.201;0.494;0.804;1.004;0.106;0.191;0.596;0.739
158;52.8;1.53;0.03;0.255;0.513;0.792;0.201;0.494;0.835;1.004;0.106;0.191;0.596;0.739
159;52.8;1.53;0.03;0.255;0.513;0.792;0.201;0.539;0.804;1.004;0.106;0.191;0.596;0.739
160;52.8;1.53;0.03;0.255;0.513;0.792;0.201;0.539;0.835;1.004;0.106;0.191;0.596;0.739
161;52.8;1.53;0.03;0.255;0.513;0.817;0.201;0.494;0.804;1.004;0.106;0.191;0.596;0.739
162;52.8;1.53;0.03;0.255;0.513;0.817;0.201;0.494;0.835;1.004;0.106;0.191;0.596;0.739
163;52.8;1.53;0.03;0.255;0.513;0.817;0.201;0.539;0.804;1.004;0.106;0.191;0.596;0.739
164;52.8;1.53;0.03;0.255;0.513;0.817;0.201;0.539;0.835;1.004;0.106;0.191;0.596;0.739
165;52.8;1.53;0.03;0.255;0.513;0.831;0.201;0.494;0.804;1.004;0.106;0.191;0.596;0.739
166;52.8;1.53;0.03;0.255;0.513;0.831;0.201;0.494;0.835;1.004;0.106;0.191;0.596;0.739
167;52.8;1.53;0.03;0.255;0.513;0.831;0.201;0.539;0.804;1.004;0.106;0.191;0.596;0.739
168;52.8;1.53;0.03;0.255;0.513;0.831;0.201;0.539;0.835;1.004;0.106;0.191;0.596;0.739
169;52.8;1.53;0.03;0.279;0.495;0.792;0.201;0.494;0.804;1.004;0.106;0.191;0.596;0.739
170;52.8;1.53;0.03;0.279;0.495;0.792;0.201;0.494;0.835;1.004;0.106;0.191;0.596;0.739
171;52.8;1.53;0.03;0.279;0.495;0.792;0.201;0.539;0.804;1.004;0.106;0.191;0.596;0.739
172;52.8;1.53;0.03;0.279;0.495;0.792;0.201;0.539;0.835;1.004;0.106;0.191;0.596;0.739
173;52.8;1.53;0.03;0.279;0.495;0.817;0.201;0.494;0.804;1.004;0.106;0.191;0.596;0.739
174;52.8;1.53;0.03;0.279;0.495;0.817;0.201;0.494;0.835;1.004;0.106;0.191;0.596;0.739
175;52.8;1.53;0.03;0.279;0.495;0.817;0.201;0.539;0.804;1.004;0.106;0.191;0.596;0.739
176;52.8;1.53;0.03;0.279;0.495;0.817;0.201;0.539;0.835;1.004;0.106;0.191;0.596;0.739
177;52.8;1.53;0.03;0.279;0.495;0.831;0.201;0.494;0.804;1.004;0.106;0.191;0.596;0.739
178;52.8;1.53;0.03;0.279;0.495;0.831;0.201;0.494;0.835;1.004;0.106;0.191;0.596;0.739
179;52.8;1.53;0.03;0.279;0.495;0.831;0.201;0.539;0.804;1.004;0.106;0.191;0.596;0.739
180;52.8;1.53;0.03;0.279;0.495;0.831;0.201;0.539;0.835;1.004;0.106;0.191;0.596;0.739
181;52.8;1.53;0.03;0.279;0.513;0.792;0.201;0.494;0.804;1.004;0.106;0.191;0.596;0.739
182;52.8;1.53;0.03;0.279;0.513;0.792;0.201;0.494;0.835;1.004;0.106;0.191;0.596;0.739
183;52.8;1.53;0.03;0.279;0.513;0.792;0.201;0.539;0.804;1.004;0.106;0.191;0.596;0.739
184;52.8;1.53;0.03;0.279;0.513;0.792;0.201;0.539;0.835;1.004;0.106;0.191;0.596;0.739
185;52.8;1.53;0.03;0.279;0.513;0.817;0.201;0.494;0.804;1.004;0.106;0.191;0.596;0.739
186;52.8;1.53;0.03;0.279;0.513;0.817;0.201;0.494;0.835;1.004;0.106;0.191;0.596;0.739
187;52.8;1.53;0.03;0.279;0.513;0.817;0.201;0.539;0.804;1.004;0.106;0.191;0.596;0.739
188;52.8;1.53;0.03;0.279;0.513;0.817;0.201;0.539;0.835;1.004;0.106;0.191;0.596;0.739
189;52.8;1.53;0.03;0.279;0.513;0.831;0.201;0.494;0.804;1.004;0.106;0.191;0.596;0.739
190;52.8;1.53;0.03;0.279;0.513;0.831;0.201;0.494;0.835;1.004;0.106;0.191;0.596;0.739
191;52.8;1.53;0.03;0.279;0.513;0.831;0.201;0.539;0.804;1.004;0.106;0.191;0.596;0.739
192;52.8;1.53;0.03;0.279;0.513;0.831;0.201;0.539;0.835;1.004;0.106;0.191;0.596;0.739
193;52.8;1.64;0.03;0.255;0.495;0.792;0.201;0.494;0.804;1.004;0.106;0.191;0.596;0.739
194;52.8;1.64;0.03;0.255;0.495;0.792;0.201;0.494;0.835;1.004;0.106;0.191;0.596;0.739
195;52.8;1.64;0.03;0.255;0.495;0.792;0.201;0.539;0.804;1.004;0.106;0.191;0.596;0.739
196;52.8;1.64;0.03;0.255;0.495;0.792;0.201;0.539;0.835;1.004;0.106;0.191;0.596;0.739
197;52.8;1.64;0.03;0.255;0.495;0.817;0.201;0.494;0.804;1.004;0.106;0.191;0.596;0.739
198;52.8;1.64;0.03;0.255;0.495;0.817;0.201;0.494;0.835;1.004;0.106;0.191;0.596;0.739
199;52.8;1.64;0.03;0.255;0.495;0.817;0.201;0.539;0.804;1.004;0.106;0.191;0.596;0.739
200;52.8;1.64;0.03;0.255;0.495;0.817;0.201;0.539;0.835;1.004;0.106;0.191;0.596;0.739
201;52.8;1.64;0.03;0.255;0.495;0.831;0.201;0.494;0.804;1.004;0.106;0.191;0.596;0.739
202;52.8;1.64;0.03;0.255;0.495;0.831;0.201;0.494;0.835;1.004;0.106;0.191;0.596;0.739
203;52.8;1.64;0.03;0.255;0.495;0.831;0.201;0.539;0.804;1.004;0.106;0.191;0.596;0.739
204;52.8;1.64;0.03;0.255;0.495;0.831;0.201;0.539;0.835;1.004;0.106;0.191;0.596;0.739
205;52.8;1.64;0.03;0.255;0.513;0.792;0.201;0.494;0.804;1.004;0.106;0.191;0.596;0.739
206;52.8;1.64;0.03;0.255;0.513;0.792;0.201;0.494;0.835;1.004;0.106;0.191;0.596;0.739
207;52.8;1.64;0.03;0.255;0.513;0.792;0.201;0.539;0.804;1.004;0.106;0.191;0.596;0.739
208;52.8;1.64;0.03;0.255;0.513;0.792;0.201;0.539;0.835;1.004;0.106;0.191;0.596;0.739
209;52.8;1.64;0.03;0.255;0.513;0.817;0.201;0.494;0.804;1.004;0.106;0.191;0.596;0.739
210;52.8;1.64;0.03;0.255;0.513;0.817;0.201;0.494;0.835;1.004;0.106;0.191;0.596;0.739
211;52.8;1.64;0.03;0.255;0.513;0.817;0.201;0.539;0.804;1.004;0.106;0.191;0.596;0.739
212;52.8;1.64;0.03;0.255;0.513;0.817;0.201;0.539;0.835;1.004;0.106;0.191;0.596;0.739
213;52.8;1.64;0.03;0.255;0.513;0.831;0.201;0.494;0.804;1.004;0.106;0.191;0.596;0.739
214;52.8;1.64;0.03;0.255;0.513;0.831;0.201;0.494;0.835;1.004;0.106;0.191;0.596;0.739
215;52.8;1.64;0.03;0.255;0.513;0.831;0.201;0.539;0.804;1.004;0.106;0.191;0.596;0.739
216;52.8;1.64;0.03;0.255;0.513;0.831;0.201;0.539;0.835;1.004;0.106;0.191;0.596;0.739
217;52.8;1.64;0.03;0.279;0.495;0.792;0.201;0.494;0.804;1.004;0.106;0.191;0.596;0.739
218;52.8;1.64;0.03;0.279;0.495;0.792;0.201;0.494;0.835;1.004;0.106;0.191;0.596;0.739
219;52.8;1.64;0.03;0.279;0.495;0.792;0.201;0.539;0.804;1.004;0.106;0.191;0.596;0.739
220;52.8;1.64;0.03;0.279;0.495;0.792;0.201;0.539;0.835;1.004;0.106;0.191;0.596;0.739
221;52.8;1.64;0.03;0.279;0.495;0.817;0.201;0.494;0.804;1.004;0.106;0.191;0.596;0.739
222;52.8;1.64;0.03;0.279;0.495;0.817;0.201;0.494;0.835;1.004;0.106;0.191;0.596;0.739
223;52.8;1.64;0.03;0.279;0.495;0.817;0.201;0.539;0.804;1.004;0.106;0.191;0.596;0.739
224;52.8;1.64;0.03;0.279;0.495;0.817;0.201;0.539;0.835;1.004;0.106;0.191;0.596;0.739
225;52.8;1.64;0.03;0.279;0.495;0.831;0.201;0.494;0.804;1.004;0.106;0.191;0.596;0.739
226;52.8;1.64;0.03;0.279;0.495;0.831;0.201;0.494;0.835;1.004;0.106;0.191;0.596;0.739
227;52.8;1.64;0.03;0.279;0.495;0.831;0.201;0.539;0.804;1.004;0.106;0.191;0.596;0.739
228;52.8;1.64;0.03;0.279;0.495;0.831;0.201;0.539;0.835;1.004;0.106;0.191;0.596;0.739
229;52.8;1.64;0.03;0.279;0.513;0.792;0.201;0.494;0.804;1.004;0.106;0.191;0.596;0.739
230;52.8;1.64;0.03;0.279;0.513;0.792;0.201;0.494;0.835;1.004;0.106;0.191;0.596;0.739
231;52.8;1.64;0.03;0.279;0.513;0.792;0.201;0.539;0.804;1.004;0.106;0.191;0.596;0.739
232;52.8;1.64;0.03;0.279;0.513;0.792;0.201;0.539;0.835;1.004;0.106;0.191;0.596;0.739
233;52.8;1.64;0.03;0.279;0.513;0.817;0.201;0.494;0.804;1.004;0.106;0.191;0.596;0.739
234;52.8;1.64;0.03;0.279;0.513;0.817;0.201;0.494;0.835;1.004;0.106;0.191;0.596;0.739
235;52.8;1.64;0.03;0.279;0.513;0.817;0.201;0.539;0.804;1.004;0.106;0.191;0.596;0.739
236;52.8;1.64;0.03;0.279;0.513;0.817;0.201;0.539;0.835;1.004;0.106;0.191;0.596;0.739
237;52.8;1.64;0.03;0.279;0.513;0.831;0.201;0.494;0.804;1.004;0.106;0.191;0.596;0.739
238;52.8;1.64;0.03;0.279;0.513;0.831;0.201;0.494;0.835;1.004;0.106;0.191;0.596;0.739
239;52.8;1.64;0.03;0.279;0.513;0.831;0.201;0.539;0.804;1.004;0.106;0.191;0.596;0.739
240;52.8;1.64;0.03;0.279;0.513;0.831;0.201;0.539;0.835;1.004;0.106;0.191;0.596;0.739
241;52.8;1.75;0.03;0.255;0.495;0.792;0.201;0.494;0.804;1.004;0.106;0.191;0.596;0.739
242;52.8;1.75;0.03;0.255;0.495;0.792;0.201;0.494;0.835;1.004;0.106;0.191;0.596;0.739
243;52.8;1.75;0.03;0.255;0.495;0.792;0.201;0.539;0.804;1.004;0.106;0.191;0.596;0.739
244;52.8;1.75;0.03;0.255;0.495;0.792;0.201;0.539;0.835;1.004;0.106;0.191;0.596;0.739
245;52.8;1.75;0.03;0.255;0.495;0.817;0.201;0.494;0.804;1.004;0.106;0.191;0.596;0.739
246;52.8;1.75;0.03;0.255;0.495;0.817;0.201;0.494;0.835;1.004;0.106;0.191;0.596;0.739
247;52.8;1.75;0.03;0.255;0.495;0.817;0.201;0.539;0.804;1.004;0.106;0.191;0.596;0.739
248;52.8;1.75;0.03;0.255;0.495;0.817;0.201;0.539;0.835;1.004;0.106;0.191;0.596;0.739
249;52.8;1.75;0.03;0.255;0.495;0.831;0.201;0.494;0.804;1.004;0.106;0.191;0.596;0.739
250;52.8;1.75;0.03;0.255;0.495;0.831;0.201;0.494;0.835;1.004;0.106;0.191;0.596;0.739
251;52.8;1.75;0.03;0.255;0.495;0.831;0.201;0.539;0.804;1.004;0.106;0.191;0.596;0.739
252;52.8;1.75;0.03;0.255;0.495;0.831;0.201;0.539;0.835;1.004;0.106;0.191;0.596;0.739
253;52.8;1.75;0.03;0.255;0.513;0.792;0.201;0.494;0.804;1.004;0.106;0.191;0.596;0.739
254;52.8;1.75;0.03;0.255;0.513;0.792;0.201;0.494;0.835;1.004;0.106;0.191;0.596;0.739
255;52.8;1.75;0.03;0.255;0.513;0.792;0.201;0.539;0.804;1.004;0.106;0.191;0.596;0.739
256;52.8;1.75;0.03;0.255;0.513;0.792;0.201;0.539;0.835;1.004;0.106;0.191;0.596;0.739
257;52.8;1.75;0.03;0.255;0.513;0.817;0.201;0.494;0.804;1.004;0.106;0.191;0.596;0.739
258;52.8;1.75;0.03;0.255;0.513;0.817;0.201;0.494;0.835;1.004;0.106;0.191;0.596;0.739
259;52.8;1.75;0.03;0.255;0.513;0.817;0.201;0.539;0.804;1.004;0.106;0.191;0.596;0.739
260;52.8;1.75;0.03;0.255;0.513;0.817;0.201;0.539;0.835;1.004;0.106;0.191;0.596;0.739
261;52.8;1.75;0.03;0.255;0.513;0.831;0.201;0.494;0.804;1.004;0.106;0.191;0.596;0.739
262;52.8;1.75;0.03;0.255;0.513;0.831;0.201;0.494;0.835;1.004;0.106;0.191;0.596;0.739
263;52.8;1.75;0.03;0.255;0.513;0.831;0.201;0.539;0.804;1.004;0.106;0.191;0.596;0.739
264;52.8;1.75;0.03;0.255;0.513;0.831;0.201;0.539;0.835;1.004;0.106;0.191;0.596;0.739
265;52.8;1.75;0.03;0.279;0.495;0.792;0.201;0.494;0.804;1.004;0.106;0.191;0.596;0.739
266;52.8;1.75;0.03;0.279;0.495;0.792;0.201;0.494;0.835;1.004;0.106;0.191;0.596;0.739
267;52.8;1.75;0.03;0.279;0.495;0.792;0.201;0.539;0.804;1.004;0.106;0.191;0.596;0.739
268;52.8;1.75;0.03;0.279;0.495;0.792;0.201;0.539;0.835;1.004;0.106;0.191;0.596;0.739
269;52.8;1.75;0.03;0.279;0.495;0.817;0.201;0.494;0.804;1.004;0.106;0.191;0.596;0.739
270;52.8;1.75;0.03;0.279;0.495;0.817;0.201;0.494;0.835;1.004;0.106;0.191;0.596;0.739
271;52.8;1.75;0.03;0.279;0.495;0.817;0.201;0.539;0.804;1.004;0.106;0.191;0.596;0.739
272;52.8;1.75;0.03;0.279;0.495;0.817;0.201;0.539;0.835;1.004;0.106;0.191;0.596;0.739
273;52.8;1.75;0.03;0.279;0.495;0.831;0.201;0.494;0.804;1.004;0.106;0.191;0.596;0.739
274;52.8;1.75;0.03;0.279;0.495;0.831;0.201;0.494;0.835;1.004;0.106;0.191;0.596;0.739
275;52.8;1.75;0.03;0.279;0.495;0.831;0.201;0.539;0.804;1.004;0.106;0.191;0.596;0.739
276;52.8;1.75;0.03;0.279;0.495;0.831;0.201;0.539;0.835;1.004;0.106;0.191;0.596;0.739
277;52.8;1.75;0.03;0.279;0.513;0.792;0.201;0.494;0.804;1.004;0.106;0.191;0.596;0.739
278;52.8;1.75;0.03;0.279;0.513;0.792;0.201;0.494;0.835;1.004;0.106;0.191;0.596;0.739
279;52.8;1.75;0.03;0.279;0.513;0.792;0.201;0.539;0.804;1.004;0.106;0.191;0.596;0.739
280;52.8;1.75;0.03;0.279;0.513;0.792;0.201;0.539;0.835;1.004;0.106;0.191;0.596;0.739
281;52.8;1.75;0.03;0.279;0.513;0.817;0.201;0.494;0.804;1.004;0.106;0.191;0.596;0.739
282;52.8;1.75;0.03;0.279;0.513;0.817;0.201;0.494;0.835;1.004;0.106;0.191;0.596;0.739
283;52.8;1.75;0.03;0.279;0.513;0.817;0.201;0.539;0.804;1.004;0.106;0.191;0.596;0.739
284;52.8;1.75;0.03;0.279;0.513;0.817;0.201;0.539;0.835;1.004;0.106;0.191;0.596;0.739
285;52.8;1.75;0.03;0.279;0.513;0.831;0.201;0.494;0.804;1.004;0.106;0.191;0.596;0.739
286;52.8;1.75;0.03;0.279;0.513;0.831;0.201;0.494;0.835;1.004;0.106;0.191;0.596;0.739
287;52.8;1.75;0.03;0.279;0.513;0.831;0.201;0.539;0.804;1.004;0.106;0.191;0.596;0.739
288;52.8;1.75;0.03;0.279;0.513;0.831;0.201;0.539;0.835;1.004;0.106;0.191;0.596;0.739
289;61.2;1.53;0.03;0.255;0.495;0.792;0.201;0.494;0.804;1.004;0.106;0.191;0.596;0.739
290;61.2;1.53;0.03;0.255;0.495;0.792;0.201;0.494;0.835;1.004;0.106;0.191;0.596;0.739
291;61.2;1.53;0.03;0.255;0.495;0.792;0.201;0.539;0.804;1.004;0.106;0.191;0.596;0.739
292;61.2;1.53;0.03;0.255;0.495;0.792;0.201;0.539;0.835;1.004;0.106;0.191;0.596;0.739
293;61.2;1.53;0.03;0.255;0.495;0.817;0.201;0.494;0.804;1.004;0.106;0.191;0.596;0.739
294;61.2;1.53;0.03;0.255;0.495;0.817;0.201;0.494;0.835;1.004;0.106;0.191;0.596;0.739
295;61.2;1.53;0.03;0.255;0.495;0.817;0.201;0.539;0.804;1.004;0.106;0.191;0.596;0.739
296;61.2;1.53;0.03;0.255;0.495;0.817;0.201;0.539;0.835;1.004;0.106;0.191;0.596;0.739
297;61.2;1.53;0.03;0.255;0.495;0.831;0.201;0.494;0.804;1.004;0.106;0.191;0.596;0.739
298;61.2;1.53;0.03;0.255;0.495;0.831;0.201;0.494;0.835;1.004;0.106;0.191;0.596;0.739
299;61.2;1.53;0.03;0.255;0.495;0.831;0.201;0.539;0.804;1.004;0.106;0.191;0.596;0.739
300;61.2;1.53;0.03;0.255;0.495;0.831;0.201;0.539;0.835;1.004;0.106;0.191;0.596;0.739
301;61.2;1.53;0.03;0.255;0.513;0.792;0.201;0.494;0.804;1.004;0.106;0.191;0.596;0.739
302;61.2;1.53;0.03;0.255;0.513;0.792;0.201;0.494;0.835;1.004;0.106;0.191;0.596;0.739
303;61.2;1.53;0.03;0.255;0.513;0.792;0.201;0.539;0.804;1.004;0.106;0.191;0.596;0.739
304;61.2;1.53;0.03;0.255;0.513;0.792;0.201;0.539;0.835;1.004;0.106;0.191;0.596;0.739
305;61.2;1.53;0.03;0.255;0.513;0.817;0.201;0.494;0.804;1.004;0.106;0.191;0.596;0.739
306;61.2;1.53;0.03;0.255;0.513;0.817;0.201;0.494;0.835;1.004;0.106;0.191;0.596;0.739
307;61.2;1.53;0.03;0.255;0.513;0.817;0.201;0.539;0.804;1.004;0.106;0.191;0.596;0.739
308;61.2;1.53;0.03;0.255;0.513;0.817;0.201;0.539;0.835;1.004;0.106;0.191;0.596;0.739
309;61.2;1.53;0.03;0.255;0.513;0.831;0.201;0.494;0.804;1.004;0.106;0.191;0.596;0.739
310;61.2;1.53;0.03;0.255;0.513;0.831;0.201;0.494;0.835;1.004;0.106;0.191;0.596;0.739
311;61.2;1.53;0.03;0.255;0.513;0.831;0.201;0.539;0.804;1.004;0.106;0.191;0.596;0.739
312;61.2;1.53;0.03;0.255;0.513;0.831;0.201;0.539;0.835;1.004;0.106;0.191;0.596;0.739
313;61.2;1.53;0.03;0.279;0.495;0.792;0.201;0.494;0.804;1.004;0.106;0.191;0.596;0.739
314;61.2;1.53;0.03;0.279;0.495;0.792;0.201;0.494;0.835;1.004;0.106;0.191;0.596;0.739
315;61.2;1.53;0.03;0.279;0.495;0.792;0.201;0.539;0.804;1.004;0.106;0.191;0.596;0.739
316;61.2;1.53;0.03;0.279;0.495;0.792;0.201;0.539;0.835;1.004;0.106;0.191;0.596;0.739
317;61.2;1.53;0.03;0.279;0.495;0.817;0.201;0.494;0.804;1.004;0.106;0.191;0.596;0.739
318;61.2;1.53;0.03;0.279;0.495;0.817;0.201;0.494;0.835;1.004;0.106;0.191;0.596;0.739
319;61.2;1.53;0.03;0.279;0.495;0.817;0.201;0.539;0.804;1.004;0.106;0.191;0.596;0.739
320;61.2;1.53;0.03;0.279;0.495;0.817;0.201;0.539;0.835;1.004;0.106;0.191;0.596;0.739
321;61.2;1.53;0.03;0.279;0.495;0.831;0.201;0.494;0.804;1.004;0.106;0.191;0.596;0.739
322;61.2;1.53;0.03;0.279;0.495;0.831;0.201;0.494;0.835;1.004;0.106;0.191;0.596;0.739
323;61.2;1.53;0.03;0.279;0.495;0.831;0.201;0.539;0.804;1.004;0.106;0.191;0.596;0.739
324;61.2;1.53;0.03;0.279;0.495;0.831;0.201;0.539;0.835;1.004;0.106;0.191;0.596;0.739
325;61.2;1.53;0.03;0.279;0.513;0.792;0.201;0.494;0.804;1.004;0.106;0.191;0.596;0.739
326;61.2;1.53;0.03;0.279;0.513;0.792;0.201;0.494;0.835;1.004;0.106;0.191;0.596;0.739
327;61.2;1.53;0.03;0.279;0.513;0.792;0.201;0.539;0.804;1.004;0.106;0.191;0.596;0.739
328;61.2;1.53;0.03;0.279;0.513;0.792;0.201;0.539;0.835;1.004;0.106;0.191;0.596;0.739
329;61.2;1.53;0.03;0.279;0.513;0.817;0.201;0.494;0.804;1.004;0.106;0.191;0.596;0.739
330;61.2;1.53;0.03;0.279;0.513;0.817;0.201;0.494;0.835;1.004;0.106;0.191;0.596;0.739
331;61.2;1.53;0.03;0.279;0.513;0.817;0.201;0.539;0.804;1.004;0.106;0.191;0.596;0.739
332;61.2;1.53;0.03;0.279;0.513;0.817;0.201;0.539;0.835;1.004;0.106;0.191;0.596;0.739
333;61.2;1.53;0.03;0.279;0.513;0.831;0.201;0.494;0.804;1.004;0.106;0.191;0.596;0.739
334;61.2;1.53;0.03;0.279;0.513;0.831;0.201;0.494;0.835;1.004;0.106;0.191;0.596;0.739
335;61.2;1.53;0.03;0.279;0.513;0.831;0.201;0.539;0.804;1.004;0.106;0.191;0.596;0.739
336;61.2;1.53;0.03;0.279;0.513;0.831;0.201;0.539;0.835;1.004;0.106;0.191;0.596;0.739
337;61.2;1.64;0.03;0.255;0.495;0.792;0.201;0.494;0.804;1.004;0.106;0.191;0.596;0.739
338;61.2;1.64;0.03;0.255;0.495;0.792;0.201;0.494;0.835;1.004;0.106;0.191;0.596;0.739
339;61.2;1.64;0.03;0.255;0.495;0.792;0.201;0.539;0.804;1.004;0.106;0.191;0.596;0.739
340;61.2;1.64;0.03;0.255;0.495;0.792;0.201;0.539;0.835;1.004;0.106;0.191;0.596;0.739
341;61.2;1.64;0.03;0.255;0.495;0.817;0.201;0.494;0.804;1.004;0.106;0.191;0.596;0.739
342;61.2;1.64;0.03;0.255;0.495;0.817;0.201;0.494;0.835;1.004;0.106;0.191;0.596;0.739
343;61.2;1.64;0.03;0.255;0.495;0.817;0.201;0.539;0.804;1.004;0.106;0.191;0.596;0.739
344;61.2;1.64;0.03;0.255;0.495;0.817;0.201;0.539;0.835;1.004;0.106;0.191;0.596;0.739
345;61.2;1.64;0.03;0.255;0.495;0.831;0.201;0.494;0.804;1.004;0.106;0.191;0.596;0.739
346;61.2;1.64;0.03;0.255;0.495;0.831;0.201;0.494;0.835;1.004;0.106;0.191;0.596;0.739
347;61.2;1.64;0.03;0.255;0.495;0.831;0.201;0.539;0.804;1.004;0.106;0.191;0.596;0.739
348;61.2;1.64;0.03;0.255;0.495;0.831;0.201;0.539;0.835;1.004;0.106;0.191;0.596;0.739
349;61.2;1.64;0.03;0.255;0.513;0.792;0.201;0.494;0.804;1.004;0.106;0.191;0.596;0.739
350;61.2;1.64;0.03;0.255;0.513;0.792;0.201;0.494;0.835;1.004;0.106;0.191;0.596;0.739
351;61.2;1.64;0.03;0.255;0.513;0.792;0.201;0.539;0.804;1.004;0.106;0.191;0.596;0.739
352;61.2;1.64;0.03;0.255;0.513;0.792;0.201;0.539;0.835;1.004;0.106;0.191;0.596;0.739
353;61.2;1.64;0.03;0.255;0.513;0.817;0.201;0.494;0.804;1.004;0.106;0.191;0.596;0.739
354;61.2;1.64;0.03;0.255;0.513;0.817;0.201;0.494;0.835;1.004;0.106;0.191;0.596;0.739
355;61.2;1.64;0.03;0.255;0.513;0.817;0.201;0.539;0.804;1.004;0.106;0.191;0.596;0.739
356;61.2;1.64;0.03;0.255;0.513;0.817;0.201;0.539;0.835;1.004;0.106;0.191;0.596;0.739
357;61.2;1.64;0.03;0.255;0.513;0.831;0.201;0.494;0.804;1.004;0.106;0.191;0.596;0.739
358;61.2;1.64;0.03;0.255;0.513;0.831;0.201;0.494;0.835;1.004;0.106;0.191;0.596;0.739
359;61.2;1.64;0.03;0.255;0.513;0.831;0.201;0.539;0.804;1.004;0.106;0.191;0.596;0.739
360;61.2;1.64;0.03;0.255;0.513;0.831;0.201;0.539;0.835;1.004;0.106;0.191;0.596;0.739
361;61.2;1.64;0.03;0.279;0.495;0.792;0.201;0.494;0.804;1.004;0.106;0.191;0.596;0.739
362;61.2;1.64;0.03;0.279;0.495;0.792;0.201;0.494;0.835;1.004;0.106;0.191;0.596;0.739
363;61.2;1.64;0.03;0.279;0.495;0.792;0.201;0.539;0.804;1.004;0.106;0.191;0.596;0.739
364;61.2;1.64;0.03;0.279;0.495;0.792;0.201;0.539;0.835;1.004;0.106;0.191;0.596;0.739
365;61.2;1.64;0.03;0.279;0.495;0.817;0.201;0.494;0.804;1.004;0.106;0.191;0.596;0.739
366;61.2;1.64;0.03;0.279;0.495;0.817;0.201;0.494;0.835;1.004;0.106;0.191;0.596;0.739
367;61.2;1.64;0.03;0.279;0.495;0.817;0.201;0.539;0.804;1.004;0.106;0.191;0.596;0.739
368;61.2;1.64;0.03;0.279;0.495;0.817;0.201;0.539;0.835;1.004;0.106;0.191;0.596;0.739
369;61.2;1.64;0.03;0.279;0.495;0.831;0.201;0.494;0.804;1.004;0.106;0.191;0.596;0.739
370;61.2;1.64;0.03;0.279;0.495;0.831;0.201;0.494;0.835;1.004;0.106;0.191;0.596;0.739
371;61.2;1.64;0.03;0.279;0.495;0.831;0.201;0.539;0.804;1.004;0.106;0.191;0.596;0.739
372;61.2;1.64;0.03;0.279;0.495;0.831;0.201;0.539;0.835;1.004;0.106;0.191;0.596;0.739
373;61.2;1.64;0.03;0.279;0.513;0.792;0.201;0.494;0.804;1.004;0.106;0.191;0.596;0.739
374;61.2;1.64;0.03;0.279;0.513;0.792;0.201;0.494;0.835;1.004;0.106;0.191;0.596;0.739
375;61.2;1.64;0.03;0.279;0.513;0.792;0.201;0.539;0.804;1.004;0.106;0.191;0.596;0.739
376;61.2;1.64;0.03;0.279;0.513;0.792;0.201;0.539;0.835;1.004;0.106;0.191;0.596;0.739
377;61.2;1.64;0.03;0.279;0.513;0.817;0.201;0.494;0.804;1.004;0.106;0.191;0.596;0.739
378;61.2;1.64;0.03;0.279;0.513;0.817;0.201;0.494;0.835;1.004;0.106;0.191;0.596;0.739
379;61.2;1.64;0.03;0.279;0.513;0.817;0.201;0.539;0.804;1.004;0.106;0.191;0.596;0.739
380;61.2;1.64;0.03;0.279;0.513;0.817;0.201;0.539;0.835;1.004;0.106;0.191;0.596;0.739
381;61.2;1.64;0.03;0.279;0.513;0.831;0.201;0.494;0.804;1.004;0.106;0.191;0.596;0.739
382;61.2;1.64;0.03;0.279;0.513;0.831;0.201;0.494;0.835;1.004;0.106;0.191;0.596;0.739
383;61.2;1.64;0.03;0.279;0.513;0.831;0.201;0.539;0.804;1.004;0.106;0.191;0.596;0.739
384;61.2;1.64;0.03;0.279;0.513;0.831;0.201;0.539;0.835;1.004;0.106;0.191;0.596;0.739
385;61.2;1.75;0.03;0.255;0.495;0.792;0.201;0.494;0.804;1.004;0.106;0.191;0.596;0.739
386;61.2;1.75;0.03;0.255;0.495;0.792;0.201;0.494;0.835;1.004;0.106;0.191;0.596;0.739
387;61.2;1.75;0.03;0.255;0.495;0.792;0.201;0.539;0.804;1.004;0.106;0.191;0.596;0.739
388;61.2;1.75;0.03;0.255;0.495;0.792;0.201;0.539;0.835;1.004;0.106;0.191;0.596;0.739
389;61.2;1.75;0.03;0.255;0.495;0.817;0.201;0.494;0.804;1.004;0.106;0.191;0.596;0.739
390;61.2;1.75;0.03;0.255;0.495;0.817;0.201;0.494;0.835;1.004;0.106;0.191;0.596;0.739
391;61.2;1.75;0.03;0.255;0.495;0.817;0.201;0.539;0.804;1.004;0.106;0.191;0.596;0.739
392;61.2;1.75;0.03;0.255;0.495;0.817;0.201;0.539;0.835;1.004;0.106;0.191;0.596;0.739
393;61.2;1.75;0.03;0.255;0.495;0.831;0.201;0.494;0.804;1.004;0.106;0.191;0.596;0.739
394;61.2;1.75;0.03;0.255;0.495;0.831;0.201;0.494;0.835;1.004;0.106;0.191;0.596;0.739
395;61.2;1.75;0.03;0.255;0.495;0.831;0.201;0.539;0.804;1.004;0.106;0.191;0.596;0.739
396;61.2;1.75;0.03;0.255;0.495;0.831;0.201;0.539;0.835;1.004;0.106;0.191;0.596;0.739
397;61.2;1.75;0.03;0.255;0.513;0.792;0.201;0.494;0.804;1.004;0.106;0.191;0.596;0.739
398;61.2;1.75;0.03;0.255;0.513;0.792;0.201;0.494;0.835;1.004;0.106;0.191;0.596;0.739
399;61.2;1.75;0.03;0.255;0.513;0.792;0.201;0.539;0.804;1.004;0.106;0.191;0.596;0.739
400;61.2;1.75;0.03;0.255;0.513;0.792;0.201;0.539;0.835;1.004;0.106;0.191;0.596;0.739
401;61.2;1.75;0.03;0.255;0.513;0.817;0.201;0.494;0.804;1.004;0.106;0.191;0.596;0.739
402;61.2;1.75;0.03;0.255;0.513;0.817;0.201;0.494;0.835;1.004;0.106;0.191;0.596;0.739
403;61.2;1.75;0.03;0.255;0.513;0.817;0.201;0.539;0.804;1.004;0.106;0.191;0.596;0.739
404;61.2;1.75;0.03;0.255;0.513;0.817;0.201;0.539;0.835;1.004;0.106;0.191;0.596;0.739
405;61.2;1.75;0.03;0.255;0.513;0.831;0.201;0.494;0.804;1.004;0.106;0.191;0.596;0.739
406;61.2;1.75;0.03;0.255;0.513;0.831;0.201;0.494;0.835;1.004;0.106;0.191;0.596;0.739
407;61.2;1.75;0.03;0.255;0.513;0.831;0.201;0.539;0.804;1.004;0.106;0.191;0.596;0.739
408;61.2;1.75;0.03;0.255;0.513;0.831;0.201;0.539;0.835;1.004;0.106;0.191;0.596;0.739
409;61.2;1.75;0.03;0.279;0.495;0.792;0.201;0.494;0.804;1.004;0.106;0.191;0.596;0.739
410;61.2;1.75;0.03;0.279;0.495;0.792;0.201;0.494;0.835;1.004;0.106;0.191;0.596;0.739
411;61.2;1.75;0.03;0.279;0.495;0.792;0.201;0.539;0.804;1.004;0.106;0.191;0.596;0.739
412;61.2;1.75;0.03;0.279;0.495;0.792;0.201;0.539;0.835;1.004;0.106;0.191;0.596;0.739
413;61.2;1.75;0.03;0.279;0.495;0.817;0.201;0.494;0.804;1.004;0.106;0.191;0.596;0.739
414;61.2;1.75;0.03;0.279;0.495;0.817;0.201;0.494;0.835;1.004;0.106;0.191;0.596;0.739
415;61.2;1.75;0.03;0.279;0.495;0.817;0.201;0.539;0.804;1.004;0.106;0.191;0.596;0.739
416;61.2;1.75;0.03;0.279;0.495;0.817;0.201;0.539;0.835;1.004;0.106;0.191;0.596;0.739
417;61.2;1.75;0.03;0.279;0.495;0.831;0.201;0.494;0.804;1.004;0.106;0.191;0.596;0.739
418;61.2;1.75;0.03;0.279;0.495;0.831;0.201;0.494;0.835;1.004;0.106;0.191;0.596;0.739
419;61.2;1.75;0.03;0.279;0.495;0.831;0.201;0.539;0.804;1.004;0.106;0.191;0.596;0.739
420;61.2;1.75;0.03;0.279;0.495;0.831;0.201;0.539;0.835;1.004;0.106;0.191;0.596;0.739
421;61.2;1.75;0.03;0.279;0.513;0.792;0.201;0.494;0.804;1.004;0.106;0.191;0.596;0.739
422;61.2;1.75;0.03;0.279;0.513;0.792;0.201;0.494;0.835;1.004;0.106;0.191;0.596;0.739
423;61.2;1.75;0.03;0.279;0.513;0.792;0.201;0.539;0.804;1.004;0.106;0.191;0.596;0.739
424;61.2;1.75;0.03;0.279;0.513;0.792;0.201;0.539;0.835;1.004;0.106;0.191;0.596;0.739
425;61.2;1.75;0.03;0.279;0.513;0.817;0.201;0.494;0.804;1.004;0.106;0.191;0.596;0.739
426;61.2;1.75;0.03;0.279;0.513;0.817;0.201;0.494;0.835;1.004;0.106;0.191;0.596;0.739
427;61.2;1.75;0.03;0.279;0.513;0.817;0.201;0.539;0.804;1.004;0.106;0.191;0.596;0.739
428;61.2;1.75;0.03;0.279;0.513;0.817;0.201;0.539;0.835;1.004;0.106;0.191;0.596;0.739
429;61.2;1.75;0.03;0.279;0.513;0.831;0.201;0.494;0.804;1.004;0.106;0.191;0.596;0.739
430;61.2;1.75;0.03;0.279;0.513;0.831;0.201;0.494;0.835;1.004;0.106;0.191;0.596;0.739
431;61.2;1.75;0.03;0.279;0.513;0.831;0.201;0.539;0.804;1.004;0.106;0.191;0.596;0.739
432;61.2;1.75;0.03;0.279;0.513;0.831;0.201;0.539;0.835;1.004;0.106;0.191;0.596;0.739
433;70.4;1.53;0.03;0.255;0.495;0.792;0.201;0.494;0.804;1.004;0.106;0.191;0.596;0.739
434;70.4;1.53;0.03;0.255;0.495;0.792;0.201;0.494;0.835;1.004;0.106;0.191;0.596;0.739
435;70.4;1.53;0.03;0.255;0.495;0.792;0.201;0.539;0.804;1.004;0.106;0.191;0.596;0.739
436;70.4;1.53;0.03;0.255;0.495;0.792;0.201;0.539;0.835;1.004;0.106;0.191;0.596;0.739
437;70.4;1.53;0.03;0.255;0.495;0.817;0.201;0.494;0.804;1.004;0.106;0.191;0.596;0.739
438;70.4;1.53;0.03;0.255;0.495;0.817;0.201;0.494;0.835;1.004;0.106;0.191;0.596;0.739
439;70.4;1.53;0.03;0.255;0.495;0.817;0.201;0.539;0.804;1.004;0.106;0.191;0.596;0.739
440;70.4;1.53;0.03;0.255;0.495;0.817;0.201;0.539;0.835;1.004;0.106;0.191;0.596;0.739
441;70.4;1.53;0.03;0.255;0.495;0.831;0.201;0.494;0.804;1.004;0.106;0.191;0.596;0.739
442;70.4;1.53;0.03;0.255;0.495;0.831;0.201;0.494;0.835;1.004;0.106;0.191;0.596;0.739
443;70.4;1.53;0.03;0.255;0.495;0.831;0.201;0.539;0.804;1.004;0.106;0.191;0.596;0.739
444;70.4;1.53;0.03;0.255;0.495;0.831;0.201;0.539;0.835;1.004;0.106;0.191;0.596;0.739
445;70.4;1.53;0.03;0.255;0.513;0.792;0.201;0.494;0.804;1.004;0.106;0.191;0.596;0.739
446;70.4;1.53;0.03;0.255;0.513;0.792;0.201;0.494;0.835;1.004;0.106;0.191;0.596;0.739
447;70.4;1.53;0.03;0.255;0.513;0.792;0.201;0.539;0.804;1.004;0.106;0.191;0.596;0.739
448;70.4;1.53;0.03;0.255;0.513;0.792;0.201;0.539;0.835;1.004;0.106;0.191;0.596;0.739
449;70.4;1.53;0.03;0.255;0.513;0.817;0.201;0.494;0.804;1.004;0.106;0.191;0.596;0.739
450;70.4;1.53;0.03;0.255;0.513;0.817;0.201;0.494;0.835;1.004;0.106;0.191;0.596;0.739
451;70.4;1.53;0.03;0.255;0.513;0.817;0.201;0.539;0.804;1.004;0.106;0.191;0.596;0.739
452;70.4;1.53;0.03;0.255;0.513;0.817;0.201;0.539;0.835;1.004;0.106;0.191;0.596;0.739
453;70.4;1.53;0.03;0.255;0.513;0.831;0.201;0.494;0.804;1.004;0.106;0.191;0.596;0.739
454;70.4;1.53;0.03;0.255;0.513;0.831;0.201;0.494;0.835;1.004;0.106;0.191;0.596;0.739
455;70.4;1.53;0.03;0.255;0.513;0.831;0.201;0.539;0.804;1.004;0.106;0.191;0.596;0.739
456;70.4;1.53;0.03;0.255;0.513;0.831;0.201;0.539;0.835;1.004;0.106;0.191;0.596;0.739
457;70.4;1.53;0.03;0.279;0.495;0.792;0.201;0.494;0.804;1.004;0.106;0.191;0.596;0.739
458;70.4;1.53;0.03;0.279;0.495;0.792;0.201;0.494;0.835;1.004;0.106;0.191;0.596;0.739
459;70.4;1.53;0.03;0.279;0.495;0.792;0.201;0.539;0.804;1.004;0.106;0.191;0.596;0.739
460;70.4;1.53;0.03;0.279;0.495;0.792;0.201;0.539;0.835;1.004;0.106;0.191;0.596;0.739
461;70.4;1.53;0.03;0.279;0.495;0.817;0.201;0.494;0.804;1.004;0.106;0.191;0.596;0.739
462;70.4;1.53;0.03;0.279;0.495;0.817;0.201;0.494;0.835;1.004;0.106;0.191;0.596;0.739
463;70.4;1.53;0.03;0.279;0.495;0.817;0.201;0.539;0.804;1.004;0.106;0.191;0.596;0.739
464;70.4;1.53;0.03;0.279;0.495;0.817;0.201;0.539;0.835;1.004;0.106;0.191;0.596;0.739
465;70.4;1.53;0.03;0.279;0.495;0.831;0.201;0.494;0.804;1.004;0.106;0.191;0.596;0.739
466;70.4;1.53;0.03;0.279;0.495;0.831;0.201;0.494;0.835;1.004;0.106;0.191;0.596;0.739
467;70.4;1.53;0.03;0.279;0.495;0.831;0.201;0.539;0.804;1.004;0.106;0.191;0.596;0.739
468;70.4;1.53;0.03;0.279;0.495;0.831;0.201;0.539;0.835;1.004;0.106;0.191;0.596;0.739
469;70.4;1.53;0.03;0.279;0.513;0.792;0.201;0.494;0.804;1.004;0.106;0.191;0.596;0.739
470;70.4;1.53;0.03;0.279;0.513;0.792;0.201;0.494;0.835;1.004;0.106;0.191;0.596;0.739
471;70.4;1.53;0.03;0.279;0.513;0.792;0.201;0.539;0.804;1.004;0.106;0.191;0.596;0.739
472;70.4;1.53;0.03;0.279;0.513;0.792;0.201;0.539;0.835;1.004;0.106;0.191;0.596;0.739
473;70.4;1.53;0.03;0.279;0.513;0.817;0.201;0.494;0.804;1.004;0.106;0.191;0.596;0.739
474;70.4;1.53;0.03;0.279;0.513;0.817;0.201;0.494;0.835;1.004;0.106;0.191;0.596;0.739
475;70.4;1.53;0.03;0.279;0.513;0.817;0.201;0.539;0.804;1.004;0.106;0.191;0.596;0.739
476;70.4;1.53;0.03;0.279;0.513;0.817;0.201;0.539;0.835;1.004;0.106;0.191;0.596;0.739
477;70.4;1.53;0.03;0.279;0.513;0.831;0.201;0.494;0.804;1.004;0.106;0.191;0.596;0.739
478;70.4;1.53;0.03;0.279;0.513;0.831;0.201;0.494;0.835;1.004;0.106;0.191;0.596;0.739
479;70.4;1.53;0.03;0.279;0.513;0.831;0.201;0.539;0.804;1.004;0.106;0.191;0.596;0.739
480;70.4;1.53;0.03;0.279;0.513;0.831;0.201;0.539;0.835;1.004;0.106;0.191;0.596;0.739
481;70.4;1.64;0.03;0.255;0.495;0.792;0.201;0.494;0.804;1.004;0.106;0.191;0.596;0.739
482;70.4;1.64;0.03;0.255;0.495;0.792;0.201;0.494;0.835;1.004;0.106;0.191;0.596;0.739
483;70.4;1.64;0.03;0.255;0.495;0.792;0.201;0.539;0.804;1.004;0.106;0.191;0.596;0.739
484;70.4;1.64;0.03;0.255;0.495;0.792;0.201;0.539;0.835;1.004;0.106;0.191;0.596;0.739
485;70.4;1.64;0.03;0.255;0.495;0.817;0.201;0.494;0.804;1.004;0.106;0.191;0.596;0.739
486;70.4;1.64;0.03;0.255;0.495;0.817;0.201;0.494;0.835;1.004;0.106;0.191;0.596;0.739
487;70.4;1.64;0.03;0.255;0.495;0.817;0.201;0.539;0.804;1.004;0.106;0.191;0.596;0.739
488;70.4;1.64;0.03;0.255;0.495;0.817;0.201;0.539;0.835;1.004;0.106;0.191;0.596;0.739
489;70.4;1.64;0.03;0.255;0.495;0.831;0.201;0.494;0.804;1.004;0.106;0.191;0.596;0.739
490;70.4;1.64;0.03;0.255;0.495;0.831;0.201;0.494;0.835;1.004;0.106;0.191;0.596;0.739
491;70.4;1.64;0.03;0.255;0.495;0.831;0.201;0.539;0.804;1.004;0.106;0.191;0.596;0.739
492;70.4;1.64;0.03;0.255;0.495;0.831;0.201;0.539;0.835;1.004;0.106;0.191;0.596;0.739
493;70.4;1.64;0.03;0.255;0.513;0.792;0.201;0.494;0.804;1.004;0.106;0.191;0.596;0.739
494;70.4;1.64;0.03;0.255;0.513;0.792;0.201;0.494;0.835;1.004;0.106;0.191;0.596;0.739
495;70.4;1.64;0.03;0.255;0.513;0.792;0.201;0.539;0.804;1.004;0.106;0.191;0.596;0.739
496;70.4;1.64;0.03;0.255;0.513;0.792;0.201;0.539;0.835;1.004;0.106;0.191;0.596;0.739
497;70.4;1.64;0.03;0.255;0.513;0.817;0.201;0.494;0.804;1.004;0.106;0.191;0.596;0.739
498;70.4;1.64;0.03;0.255;0.513;0.817;0.201;0.494;0.835;1.004;0.106;0.191;0.596;0.739
499;70.4;1.64;0.03;0.255;0.513;0.817;0.201;0.539;0.804;1.004;0.106;0.191;0.596;0.739
500;70.4;1.64;0.03;0.255;0.513;0.817;0.201;0.539;0.835;1.004;0.106;0.191;0.596;0.739
501;70.4;1.64;0.03;0.255;0.513;0.831;0.201;0.494;0.804;1.004;0.106;0.191;0.596;0.739
502;70.4;1.64;0.03;0.255;0.513;0.831;0.201;0.494;0.835;1.004;0.106;0.191;0.596;0.739
503;70.4;1.64;0.03;0.255;0.513;0.831;0.201;0.539;0.804;1.004;0.106;0.191;0.596;0.739
504;70.4;1.64;0.03;0.255;0.513;0.831;0.201;0.539;0.835;1.004;0.106;0.191;0.596;0.739
505;70.4;1.64;0.03;0.279;0.495;0.792;0.201;0.494;0.804;1.004;0.106;0.191;0.596;0.739
506;70.4;1.64;0.03;0.279;0.495;0.792;0.201;0.494;0.835;1.004;0.106;0.191;0.596;0.739
507;70.4;1.64;0.03;0.279;0.495;0.792;0.201;0.539;0.804;1.004;0.106;0.191;0.596;0.739
508;70.4;1.64;0.03;0.279;0.495;0.792;0.201;0.539;0.835;1.004;0.106;0.191;0.596;0.739
509;70.4;1.64;0.03;0.279;0.495;0.817;0.201;0.494;0.804;1.004;0.106;0.191;0.596;0.739
510;70.4;1.64;0.03;0.279;0.495;0.817;0.201;0.494;0.835;1.004;0.106;0.191;0.596;0.739
511;70.4;1.64;0.03;0.279;0.495;0.817;0.201;0.539;0.804;1.004;0.106;0.191;0.596;0.739
512;70.4;1.64;0.03;0.279;0.495;0.817;0.201;0.539;0.835;1.004;0.106;0.191;0.596;0.739
513;70.4;1.64;0.03;0.279;0.495;0.831;0.201;0.494;0.804;1.004;0.106;0.191;0.596;0.739
514;70.4;1.64;0.03;0.279;0.495;0.831;0.201;0.494;0.835;1.004;0.106;0.191;0.596;0.739
515;70.4;1.64;0.03;0.279;0.495;0.831;0.201;0.539;0.804;1.004;0.106;0.191;0.596;0.739
516;70.4;1.64;0.03;0.279;0.495;0.831;0.201;0.539;0.835;1.004;0.106;0.191;0.596;0.739
517;70.4;1.64;0.03;0.279;0.513;0.792;0.201;0.494;0.804;1.004;0.106;0.191;0.596;0.739
518;70.4;1.64;0.03;0.279;0.513;0.792;0.201;0.494;0.835;1.004;0.106;0.191;0.596;0.739
519;70.4;1.64;0.03;0.279;0.513;0.792;0.201;0.539;0.804;1.004;0.106;0.191;0.596;0.739
520;70.4;1.64;0.03;0.279;0.513;0.792;0.201;0.539;0.835;1.004;0.106;0.191;0.596;0.739
521;70.4;1.64;0.03;0.279;0.513;0.817;0.201;0.494;0.804;1.004;0.106;0.191;0.596;0.739
522;70.4;1.64;0.03;0.279;0.513;0.817;0.201;0.494;0.835;1.004;0.106;0.191;0.596;0.739
523;70.4;1.64;0.03;0.279;0.513;0.817;0.201;0.539;0.804;1.004;0.106;0.191;0.596;0.739
524;70.4;1.64;0.03;0.279;0.513;0.817;0.201;0.539;0.835;1.004;0.106;0.191;0.596;0.739
525;70.4;1.64;0.03;0.279;0.513;0.831;0.201;0.494;0.804;1.004;0.106;0.191;0.596;0.739
526;70.4;1.64;0.03;0.279;0.513;0.831;0.201;0.494;0.835;1.004;0.106;0.191;0.596;0.739
527;70.4;1.64;0.03;0.279;0.513;0.831;0.201;0.539;0.804;1.004;0.106;0.191;0.596;0.739
528;70.4;1.64;0.03;0.279;0.513;0.831;0.201;0.539;0.835;1.004;0.106;0.191;0.596;0.739
529;70.4;1.75;0.03;0.255;0.495;0.792;0.201;0.494;0.804;1.004;0.106;0.191;0.596;0.739
530;70.4;1.75;0.03;0.255;0.495;0.792;0.201;0.494;0.835;1.004;0.106;0.191;0.596;0.739
531;70.4;1.75;0.03;0.255;0.495;0.792;0.201;0.539;0.804;1.004;0.106;0.191;0.596;0.739
532;70.4;1.75;0.03;0.255;0.495;0.792;0.201;0.539;0.835;1.004;0.106;0.191;0.596;0.739
533;70.4;1.75;0.03;0.255;0.495;0.817;0.201;0.494;0.804;1.004;0.106;0.191;0.596;0.739
534;70.4;1.75;0.03;0.255;0.495;0.817;0.201;0.494;0.835;1.004;0.106;0.191;0.596;0.739
535;70.4;1.75;0.03;0.255;0.495;0.817;0.201;0.539;0.804;1.004;0.106;0.191;0.596;0.739
536;70.4;1.75;0.03;0.255;0.495;0.817;0.201;0.539;0.835;1.004;0.106;0.191;0.596;0.739
537;70.4;1.75;0.03;0.255;0.495;0.831;0.201;0.494;0.804;1.004;0.106;0.191;0.596;0.739
538;70.4;1.75;0.03;0.255;0.495;0.831;0.201;0.494;0.835;1.004;0.106;0.191;0.596;0.739
539;70.4;1.75;0.03;0.255;0.495;0.831;0.201;0.539;0.804;1.004;0.106;0.191;0.596;0.739
540;70.4;1.75;0.03;0.255;0.495;0.831;0.201;0.539;0.835;1.004;0.106;0.191;0.596;0.739
541;70.4;1.75;0.03;0.255;0.513;0.792;0.201;0.494;0.804;1.004;0.106;0.191;0.596;0.739
542;70.4;1.75;0.03;0.255;0.513;0.792;0.201;0.494;0.835;1.004;0.106;0.191;0.596;0.739
543;70.4;1.75;0.03;0.255;0.513;0.792;0.201;0.539;0.804;1.004;0.106;0.191;0.596;0.739
544;70.4;1.75;0.03;0.255;0.513;0.792;0.201;0.539;0.835;1.004;0.106;0.191;0.596;0.739
545;70.4;1.75;0.03;0.255;0.513;0.817;0.201;0.494;0.804;1.004;0.106;0.191;0.596;0.739
546;70.4;1.75;0.03;0.255;0.513;0.817;0.201;0.494;0.835;1.004;0.106;0.191;0.596;0.739
547;70.4;1.75;0.03;0.255;0.513;0.817;0.201;0.539;0.804;1.004;0.106;0.191;0.596;0.739
548;70.4;1.75;0.03;0.255;0.513;0.817;0.201;0.539;0.835;1.004;0.106;0.191;0.596;0.739
549;70.4;1.75;0.03;0.255;0.513;0.831;0.201;0.494;0.804;1.004;0.106;0.191;0.596;0.739
550;70.4;1.75;0.03;0.255;0.513;0.831;0.201;0.494;0.835;1.004;0.106;0.191;0.596;0.739
551;70.4;1.75;0.03;0.255;0.513;0.831;0.201;0.539;0.804;1.004;0.106;0.191;0.596;0.739
552;70.4;1.75;0.03;0.255;0.513;0.831;0.201;0.539;0.835;1.004;0.106;0.191;0.596;0.739
553;70.4;1.75;0.03;0.279;0.495;0.792;0.201;0.494;0.804;1.004;0.106;0.191;0.596;0.739
554;70.4;1.75;0.03;0.279;0.495;0.792;0.201;0.494;0.835;1.004;0.106;0.191;0.596;0.739
555;70.4;1.75;0.03;0.279;0.495;0.792;0.201;0.539;0.804;1.004;0.106;0.191;0.596;0.739
556;70.4;1.75;0.03;0.279;0.495;0.792;0.201;0.539;0.835;1.004;0.106;0.191;0.596;0.739
557;70.4;1.75;0.03;0.279;0.495;0.817;0.201;0.494;0.804;1.004;0.106;0.191;0.596;0.739
558;70.4;1.75;0.03;0.279;0.495;0.817;0.201;0.494;0.835;1.004;0.106;0.191;0.596;0.739
559;70.4;1.75;0.03;0.279;0.495;0.817;0.201;0.539;0.804;1.004;0.106;0.191;0.596;0.739
560;70.4;1.75;0.03;0.279;0.495;0.817;0.201;0.539;0.835;1.004;0.106;0.191;0.596;0.739
561;70.4;1.75;0.03;0.279;0.495;0.831;0.201;0.494;0.804;1.004;0.106;0.191;0.596;0.739
562;70.4;1.75;0.03;0.279;0.495;0.831;0.201;0.494;0.835;1.004;0.106;0.191;0.596;0.739
563;70.4;1.75;0.03;0.279;0.495;0.831;0.201;0.539;0.804;1.004;0.106;0.191;0.596;0.739
564;70.4;1.75;0.03;0.279;0.495;0.831;0.201;0.539;0.835;1.004;0.106;0.191;0.596;0.739
565;70.4;1.75;0.03;0.279;0.513;0.792;0.201;0.494;0.804;1.004;0.106;0.191;0.596;0.739
566;70.4;1.75;0.03;0.279;0.513;0.792;0.201;0.494;0.835;1.004;0.106;0.191;0.596;0.739
567;70.4;1.75;0.03;0.279;0.513;0.792;0.201;0.539;0.804;1.004;0.106;0.191;0.596;0.739
568;70.4;1.75;0.03;0.279;0.513;0.792;0.201;0.539;0.835;1.004;0.106;0.191;0.596;0.739
569;70.4;1.75;0.03;0.279;0.513;0.817;0.201;0.494;0.804;1.004;0.106;0.191;0.596;0.739
570;70.4;1.75;0.03;0.279;0.513;0.817;0.201;0.494;0.835;1.004;0.106;0.191;0.596;0.739
571;70.4;1.75;0.03;0.279;0.513;0.817;0.201;0.539;0.804;1.004;0.106;0.191;0.596;0.739
572;70.4;1.75;0.03;0.279;0.513;0.817;0.201;0.539;0.835;1.004;0.106;0.191;0.596;0.739
573;70.4;1.75;0.03;0.279;0.513;0.831;0.201;0.494;0.804;1.004;0.106;0.191;0.596;0.739
574;70.4;1.75;0.03;0.279;0.513;0.831;0.201;0.494;0.835;1.004;0.106;0.191;0.596;0.739
575;70.4;1.75;0.03;0.279;0.513;0.831;0.201;0.539;0.804;1.004;0.106;0.191;0.596;0.739
576;70.4;1.75;0.03;0.279;0.513;0.831;0.201;0.539;0.835;1.004;0.106;0.191;0.596;0.739
